GL Entry ID,Account,Reference,Amount,GL Date
GL-00001,2000,PAY-2026-0001,16607.94,2026-04-30
GL-00002,2000,PAY-2026-0002,23772.08,2026-04-04
GL-00003,2000,PAY-2026-0003,1506.04,2026-11-25
GL-00004,2000,PAY-2026-0004,38295.87,2026-12-03
GL-00005,2000,PAY-2026-0005,31783.25,2026-02-22
GL-00006,2000,PAY-2026-0006,20084.72,2026-08-04
GL-00007,2000,PAY-2026-0007,10049.8,2026-08-01
GL-00008,2000,PAY-2026-0009,4325.33,2026-03-16
GL-00009,2000,PAY-2026-0010,4634.92,2026-07-18
GL-00010,2000,PAY-2026-0011,44514.57,2026-10-02
GL-00011,2000,PAY-2026-0012,20615.45,2026-11-11
GL-00012,2000,PAY-2026-0013,21619.99,2026-07-05
GL-00013,2000,PAY-2026-0014,11854.13,2026-03-24
GL-00014,2000,PAY-2026-0015,13290.2,2026-12-13
GL-00015,2000,PAY-2026-0016,28520.05,2026-04-24
GL-00016,2000,PAY-2026-0018,919.33,2026-08-12
GL-00017,2000,PAY-2026-0019,16791.48,2026-12-12
GL-00018,2000,PAY-2026-0020,42146.78,2026-11-18
GL-00019,2000,PAY-2026-0021,6310.39,2026-11-16
GL-00020,2000,PAY-2026-0022,10559.07,2026-10-03
GL-00021,2000,PAY-2026-0023,22363.88,2026-07-08
GL-00022,2000,PAY-2026-0024,17681.41,2026-07-03
GL-00023,2000,PAY-2026-0025,16625.15,2026-04-11
GL-00024,2000,PAY-2026-0026,14566.34,2026-12-03
GL-00025,2000,PAY-2026-0027,9375.62,2026-05-01
GL-00026,2000,PAY-2026-0028,16830.55,2026-12-31
GL-00027,2000,PAY-2026-0029,30013.59,2026-11-02
GL-00028,2000,PAY-2026-0030,26751.69,2026-08-08
GL-00029,2000,PAY-2026-0031,37465.62,2026-03-17
GL-00030,2000,PAY-2026-0032,14617.61,2026-07-31
GL-00031,2000,PAY-2026-0033,2937.98,2026-05-27
GL-00032,2000,PAY-2026-0034,32510.54,2026-09-21
GL-00033,2000,PAY-2026-0035,32127.83,2026-06-25
GL-00034,2000,PAY-2026-0036,2338.89,2026-04-25
GL-00035,2000,PAY-2026-0037,24992.0,2026-10-07
GL-00036,2000,PAY-2026-0038,20076.43,2026-08-14
GL-00037,2000,PAY-2026-0039,35026.21,2026-10-26
GL-00038,2000,PAY-2026-0040,32520.92,2026-08-21
GL-00039,2000,PAY-2026-0041,15176.22,2026-05-10
GL-00040,2000,PAY-2026-0042,31079.58,2026-11-29
GL-00041,2000,PAY-2026-0043,14815.8,2026-06-26
GL-00042,2000,PAY-2026-0044,16793.67,2026-08-09
GL-00043,2000,PAY-2026-0045,20939.59,2026-11-24
GL-00044,2000,PAY-2026-0046,2279.83,2026-01-25
GL-00045,2000,PAY-2026-0047,28638.47,2026-03-06
GL-00046,2000,PAY-2026-0048,2483.09,2026-03-11
GL-00047,2000,PAY-2026-0049,26428.44,2026-03-03
GL-00048,2000,PAY-2026-0050,27238.1,2026-10-16
GL-00049,2000,PAY-2026-0051,33467.83,2026-03-15
GL-00050,2000,PAY-2026-0052,44804.65,2026-11-17
GL-00051,2000,PAY-2026-0053,18093.74,2026-06-20
GL-00052,2000,PAY-2026-0054,9120.99,2026-06-13
GL-00053,2000,PAY-2026-0055,32208.42,2027-01-08
GL-00054,2000,PAY-2026-0056,6038.79,2026-07-27
GL-00055,2000,PAY-2026-0057,36601.17,2026-11-22
GL-00056,2000,PAY-2026-0059,16632.64,2026-06-10
GL-00057,2000,PAY-2026-0060,10008.57,2026-11-03
GL-00058,2000,PAY-2026-0061,5591.23,2026-04-15
GL-00059,2000,PAY-2026-0062,28590.49,2026-08-14
GL-00060,2000,PAY-2026-0063,13280.24,2026-06-25
GL-00061,2000,PAY-2026-0064,13303.71,2026-09-13
GL-00062,2000,PAY-2026-0065,38597.41,2026-06-10
GL-00063,2000,PAY-2026-0066,38482.68,2026-12-10
GL-00064,2000,PAY-2026-0067,17166.55,2026-05-10
GL-00065,2000,PAY-2026-0068,17653.97,2026-11-04
GL-00066,2000,PAY-2026-0069,10874.79,2026-02-11
GL-00067,2000,PAY-2026-0070,15257.88,2026-04-09
GL-00068,2000,PAY-2026-0071,41531.48,2026-05-17
GL-00069,2000,PAY-2026-0072,969.02,2026-03-03
GL-00070,2000,PAY-2026-0073,29087.48,2026-09-20
GL-00071,2000,PAY-2026-0074,15282.8,2026-05-28
GL-00072,2000,PAY-2026-0075,35049.04,2026-05-29
GL-00073,2000,PAY-2026-0076,26768.68,2026-03-09
GL-00074,2000,PAY-2026-0077,42092.71,2026-05-25
GL-00075,2000,PAY-2026-0078,25194.67,2026-09-07
GL-00076,2000,PAY-2026-0079,42212.37,2026-09-11
GL-00077,2000,PAY-2026-0080,32847.27,2026-08-24
GL-00078,2000,PAY-2026-0081,14027.65,2026-06-24
GL-00079,2000,PAY-2026-0082,44835.34,2026-02-06
GL-00080,2000,PAY-2026-0083,40181.74,2026-10-09
GL-00081,2000,PAY-2026-0084,15178.18,2026-08-31
GL-00082,2000,PAY-2026-0085,31963.62,2026-04-25
GL-00083,2000,PAY-2026-0086,6020.49,2026-04-19
GL-00084,2000,PAY-2026-0087,12352.27,2026-07-24
GL-00085,2000,PAY-2026-0088,45100.87,2026-09-14
GL-00086,2000,PAY-2026-0089,12363.07,2026-03-25
GL-00087,2000,PAY-2026-0090,26563.52,2026-09-28
GL-00088,2000,PAY-2026-0091,23866.21,2026-10-09
GL-00089,2000,PAY-2026-0092,44248.7,2026-04-13
GL-00090,2000,PAY-2026-0093,38664.43,2026-08-03
GL-00091,2000,PAY-2026-0094,18069.51,2026-05-22
GL-00092,2000,PAY-2026-0095,32791.83,2026-08-12
GL-00093,2000,PAY-2026-0096,24182.83,2026-03-12
GL-00094,2000,PAY-2026-0097,23543.22,2026-11-16
GL-00095,2000,PAY-2026-0098,36549.42,2026-07-21
GL-00096,2000,PAY-2026-0099,21612.05,2026-05-13
GL-00097,2000,PAY-2026-0100,45464.75,2026-09-06
GL-00098,2000,PAY-2026-0101,19773.38,2026-12-24
GL-00099,2000,PAY-2026-0102,8351.82,2026-09-02
GL-00100,2000,PAY-2026-0103,42150.76,2026-09-05
GL-00101,2000,PAY-2026-0104,10599.08,2026-04-05
GL-00102,2000,PAY-2026-0105,37569.06,2026-07-07
GL-00103,2000,PAY-2026-0106,24846.75,2026-08-01
GL-00104,2000,PAY-2026-0107,32596.21,2026-12-15
GL-00105,2000,PAY-2026-0108,7594.81,2026-09-13
GL-00106,2000,PAY-2026-0109,27088.43,2026-03-07
GL-00107,2000,PAY-2026-0110,31903.59,2026-11-08
GL-00108,2000,PAY-2026-0111,11460.52,2026-06-18
GL-00109,2000,PAY-2026-0112,903.13,2026-11-15
GL-00110,2000,PAY-2026-0113,28119.25,2026-12-08
GL-00111,2000,PAY-2026-0114,42800.71,2026-07-11
GL-00112,2000,PAY-2026-0115,26353.2,2026-08-11
GL-00113,2000,PAY-2026-0116,44587.96,2026-10-15
GL-00114,2000,PAY-2026-0117,7018.46,2026-08-27
GL-00115,2000,PAY-2026-0118,18960.95,2026-03-16
GL-00116,2000,PAY-2026-0119,9850.00,2026-09-14
GL-00117,2000,PAY-2026-0120,9720.00,2026-09-16
GL-00118,2000,PAY-2026-0121,9905.00,2026-09-18
GL-00119,2000,PAY-2026-0122,9640.00,2026-09-20
GL-00120,2000,PAY-2026-0123,9880.00,2026-09-22
