Receipt Number,PO Number,Received Amount,Receipt Date
GRN-2026-0001,PO-2026-0001,16607.94,2026-03-22
GRN-2026-0002,PO-2026-0002,23772.08,2026-03-11
GRN-2026-0003,PO-2026-0003,1577.0,2026-11-07
GRN-2026-0004,PO-2026-0004,40827.15,2026-11-13
GRN-2026-0005,PO-2026-0005,31783.25,2026-02-12
GRN-2026-0006,PO-2026-0006,20084.72,2026-07-13
GRN-2026-0007,PO-2026-0007,10049.8,2026-07-15
GRN-2026-0008,PO-2026-0008,27912.77,2026-02-27
GRN-2026-0009,PO-2026-0009,3244.00,2026-02-15
GRN-2026-0011,PO-2026-0011,44514.57,2026-08-16
GRN-2026-0012,PO-2026-0012,20615.45,2026-10-07
GRN-2026-0013,PO-2026-0013,21619.99,2026-06-08
GRN-2026-0014,PO-2026-0014,11854.13,2026-03-03
GRN-2026-0015,PO-2026-0015,13290.2,2026-11-10
GRN-2026-0016,PO-2026-0016,24169.53,2026-03-17
GRN-2026-0017,PO-2026-0017,941.12,2026-02-21
GRN-2026-0018,PO-2026-0018,919.33,2026-08-19
GRN-2026-0019,PO-2026-0019,16791.48,2026-10-30
GRN-2026-0021,PO-2026-0021,6310.39,2026-09-29
GRN-2026-0022,PO-2026-0022,10559.07,2026-09-08
GRN-2026-0023,PO-2026-0023,22363.88,2026-06-22
GRN-2026-0024,PO-2026-0024,17681.41,2026-05-28
GRN-2026-0025,PO-2026-0025,16625.15,2026-03-02
GRN-2026-0026,PO-2026-0026,14566.34,2026-11-02
GRN-2026-0027,PO-2026-0027,9375.62,2026-03-30
GRN-2026-0028,PO-2026-0028,16830.55,2026-11-26
GRN-2026-0029,PO-2026-0029,30013.59,2026-10-09
GRN-2026-0030,PO-2026-0030,26751.69,2026-07-03
GRN-2026-0031,PO-2026-0031,37465.62,2026-01-30
GRN-2026-0032,PO-2026-0032,14617.61,2026-06-22
GRN-2026-0033,PO-2026-0033,2937.98,2026-05-05
GRN-2026-0034,PO-2026-0034,32510.54,2026-08-11
GRN-2026-0035,PO-2026-0035,32127.83,2026-05-23
GRN-2026-0036,PO-2026-0036,2338.89,2026-04-03
GRN-2026-0037,PO-2026-0037,24992.0,2026-10-02
GRN-2026-0038,PO-2026-0038,20076.43,2026-07-13
GRN-2026-0039,PO-2026-0039,35026.21,2026-10-03
GRN-2026-0040,PO-2026-0040,32520.92,2026-08-15
GRN-2026-0041,PO-2026-0041,15176.22,2026-04-27
GRN-2026-0042,PO-2026-0042,31079.58,2026-11-08
GRN-2026-0044,PO-2026-0044,16793.67,2026-06-29
GRN-2026-0045,PO-2026-0045,20939.59,2026-11-01
GRN-2026-0046,PO-2026-0046,2279.83,2026-01-13
GRN-2026-0047,PO-2026-0047,28638.47,2026-01-30
GRN-2026-0048,PO-2026-0048,2483.09,2026-02-07
GRN-2026-0049,PO-2026-0049,26428.44,2026-02-20
GRN-2026-0050,PO-2026-0050,27238.1,2026-10-03
GRN-2026-0051,PO-2026-0051,33467.83,2026-01-31
GRN-2026-0052,PO-2026-0052,44804.65,2026-10-27
GRN-2026-0053,PO-2026-0053,18093.74,2026-05-23
GRN-2026-0054,PO-2026-0054,9120.99,2026-05-05
GRN-2026-0055,PO-2026-0055,32208.42,2026-11-28
GRN-2026-0056,PO-2026-0056,6038.79,2026-06-23
GRN-2026-0057,PO-2026-0057,36601.17,2026-11-03
GRN-2026-0058,PO-2026-0058,45533.42,2026-03-17
GRN-2026-0059,PO-2026-0059,16632.64,2026-05-12
GRN-2026-0060,PO-2026-0060,10008.57,2026-09-20
GRN-2026-0061,PO-2026-0061,5591.23,2026-04-01
GRN-2026-0062,PO-2026-0062,28590.49,2026-07-27
GRN-2026-0063,PO-2026-0063,13280.24,2026-06-04
GRN-2026-0064,PO-2026-0064,13303.71,2026-09-03
GRN-2026-0065,PO-2026-0065,38597.41,2026-05-09
GRN-2026-0066,PO-2026-0066,38482.68,2026-11-11
GRN-2026-0067,PO-2026-0067,17166.55,2026-04-27
GRN-2026-0068,PO-2026-0068,17653.97,2026-10-15
GRN-2026-0069,PO-2026-0069,10874.79,2026-01-24
GRN-2026-0070,PO-2026-0070,15257.88,2026-03-18
GRN-2026-0071,PO-2026-0071,41531.48,2026-04-29
GRN-2026-0072,PO-2026-0072,969.02,2026-01-24
GRN-2026-0073,PO-2026-0073,29087.48,2026-09-14
GRN-2026-0074,PO-2026-0074,15282.8,2026-04-28
GRN-2026-0075,PO-2026-0075,35049.04,2026-04-30
GRN-2026-0076,PO-2026-0076,26768.68,2026-02-19
GRN-2026-0077,PO-2026-0077,42092.71,2026-05-09
GRN-2026-0078,PO-2026-0078,18896.00,2026-08-16
GRN-2026-0079,PO-2026-0079,42212.37,2026-08-21
GRN-2026-0080,PO-2026-0080,32847.27,2026-07-11
GRN-2026-0081,PO-2026-0081,14027.65,2026-05-10
GRN-2026-0082,PO-2026-0082,44835.34,2026-01-08
GRN-2026-0083,PO-2026-0083,40181.74,2026-09-22
GRN-2026-0084,PO-2026-0084,15178.18,2026-07-21
GRN-2026-0085,PO-2026-0085,31963.62,2026-04-30
GRN-2026-0086,PO-2026-0086,6020.49,2026-03-12
GRN-2026-0087,PO-2026-0087,12352.27,2026-06-14
GRN-2026-0088,PO-2026-0088,45100.87,2026-09-04
GRN-2026-0089,PO-2026-0089,12363.07,2026-02-22
GRN-2026-0090,PO-2026-0090,26563.52,2026-09-12
GRN-2026-0091,PO-2026-0091,23866.21,2026-09-26
GRN-2026-0092,PO-2026-0092,44248.7,2026-03-10
GRN-2026-0093,PO-2026-0093,32766.47,2026-06-20
GRN-2026-0094,PO-2026-0094,18069.51,2026-04-02
GRN-2026-0095,PO-2026-0095,32791.83,2026-07-22
GRN-2026-0096,PO-2026-0096,24182.83,2026-02-02
GRN-2026-0097,PO-2026-0097,23543.22,2026-10-13
GRN-2026-0098,PO-2026-0098,36549.42,2026-07-02
GRN-2026-0099,PO-2026-0099,21612.05,2026-04-18
GRN-2026-0100,PO-2026-0100,45464.75,2026-08-18
GRN-2026-0101,PO-2026-0101,19773.38,2026-11-17
GRN-2026-0102,PO-2026-0102,8351.82,2026-08-12
GRN-2026-0103,PO-2026-0103,42150.76,2026-08-15
GRN-2026-0104,PO-2026-0104,7949.31,2026-03-03
GRN-2026-0105,PO-2026-0105,37569.06,2026-06-16
GRN-2026-0106,PO-2026-0106,24846.75,2026-06-19
GRN-2026-0107,PO-2026-0107,32596.21,2026-11-24
GRN-2026-0108,PO-2026-0108,7594.81,2026-08-18
GRN-2026-0109,PO-2026-0109,22956.3,2026-02-20
GRN-2026-0110,PO-2026-0110,31903.59,2026-10-16
GRN-2026-0111,PO-2026-0111,11460.52,2026-05-27
GRN-2026-0112,PO-2026-0112,903.13,2026-10-01
GRN-2026-0113,PO-2026-0113,28119.25,2026-11-19
GRN-2026-0114,PO-2026-0114,42800.71,2026-06-22
GRN-2026-0115,PO-2026-0115,26353.2,2026-07-10
GRN-2026-0117,PO-2026-0117,7018.46,2026-07-23
GRN-2026-0118,PO-2026-0118,18960.95,2026-02-08
GRN-2026-0119,PO-2026-0119,9850.00,2026-09-02
GRN-2026-0120,PO-2026-0120,9720.00,2026-09-04
GRN-2026-0121,PO-2026-0121,9905.00,2026-09-06
GRN-2026-0122,PO-2026-0122,9640.00,2026-09-08
GRN-2026-0123,PO-2026-0123,9880.00,2026-09-10
