Payment Number,Voucher Number,Vendor Number,Payment Amount,Payment Date,Created By,Approved By,Check Number
PAY-2026-0001,VCH-2026-0001,V1024,16607.94,2026-04-30,E231,E102,CHK-20001
PAY-2026-0002,VCH-2026-0002,V1039,23772.08,2026-04-04,E223,E119,CHK-20002
PAY-2026-0003,VCH-2026-0003,V1043,1577.0,2026-11-25,E204,E115,CHK-20003
PAY-2026-0004,VCH-2026-0004,V1035,40827.15,2026-12-03,E211,E115,CHK-20004
PAY-2026-0005,VCH-2026-0005,V1016,31783.25,2026-02-22,E204,E115,CHK-20005
PAY-2026-0006,VCH-2026-0006,V1040,20084.72,2026-08-04,E211,E108,CHK-20006
PAY-2026-0007,VCH-2026-0007,V1040,10049.8,2026-08-01,E231,E231,CHK-20007
PAY-2026-0008,VCH-2026-0008,V1031,27912.77,2026-04-03,E204,E119,CHK-20008
PAY-2026-0009,VCH-2026-0009,V1035,4325.33,2026-03-16,E218,E102,CHK-20009
PAY-2026-0010,VCH-2026-0010,V1017,4634.92,2026-07-18,E218,E119,CHK-20010
PAY-2026-0011,VCH-2026-0011,V1000,44514.57,2026-10-02,E223,E108,CHK-20011
PAY-2026-0012,VCH-2026-0012,V1034,20615.45,2026-11-11,E227,E115,CHK-20012
PAY-2026-0013,VCH-2026-9338,V1006,21619.99,2026-07-05,E227,E227,CHK-20013
PAY-2026-0014,VCH-2026-0014,V1009,11854.13,2026-03-24,E204,E102,CHK-20014
PAY-2026-0015,VCH-2026-0015,V1008,13290.2,2026-12-13,E231,E119,CHK-20015
PAY-2026-0016,VCH-2026-0016,V1022,28520.05,2026-04-24,E231,E102,CHK-20016
PAY-2026-0017,VCH-2026-0017,V1033,941.12,2026-03-05,E204,E102,CHK-20017
PAY-2026-0018,VCH-2026-0018,V1028,919.33,2026-08-12,E204,E119,CHK-20018
PAY-2026-0019,VCH-2026-0019,V1025,16791.48,2026-12-12,E211,E115,CHK-20019
PAY-2026-0020,VCH-2026-0020,V1018,42146.78,2026-11-18,E223,E119,CHK-20020
PAY-2026-0021,VCH-2026-0021,V1027,6310.39,2026-11-16,E223,E115,CHK-20021
PAY-2026-0022,VCH-2026-0022,V1005,10559.07,2026-10-03,E227,E115,CHK-20022
PAY-2026-0023,VCH-2026-0023,V1000,22363.88,2026-07-08,E218,E102,CHK-20023
PAY-2026-0024,VCH-2026-0024,V1000,17681.41,2026-07-03,E231,E102,CHK-20024
PAY-2026-0025,VCH-2026-0025,V1005,16625.15,2026-04-11,E211,E115,CHK-20025
PAY-2026-0026,VCH-2026-0026,V1030,14566.34,2026-12-03,E211,E102,CHK-20026
PAY-2026-0027,VCH-2026-0027,V1005,9375.62,2026-05-01,E211,E119,CHK-20027
PAY-2026-0028,VCH-2026-0028,V1034,16830.55,2026-12-31,E204,E115,CHK-20028
PAY-2026-0029,VCH-2026-0029,V1012,30013.59,2026-11-02,E204,E102,CHK-20029
PAY-2026-0030,VCH-2026-0030,V1042,26751.69,2026-08-08,E211,E115,CHK-20030
PAY-2026-0031,VCH-2026-0031,V1018,37465.62,2026-03-17,E211,E115,CHK-20031
PAY-2026-0032,VCH-2026-0032,V1022,14617.61,2026-07-31,E231,E108,CHK-20032
PAY-2026-0033,VCH-2026-0033,V1043,2937.98,2026-05-27,E231,E119,CHK-20033
PAY-2026-0034,VCH-2026-0034,V1032,32510.54,2026-09-21,E231,E119,CHK-20034
PAY-2026-0035,VCH-2026-0035,V1035,32127.83,2026-06-25,E227,E108,CHK-20035
PAY-2026-0036,VCH-2026-0036,V1018,2338.89,2026-04-25,E211,E102,CHK-20036
PAY-2026-0037,VCH-2026-0037,V1041,24992.0,2026-10-07,E218,E115,CHK-20037
PAY-2026-0038,VCH-2026-0038,V1017,20076.43,2026-08-14,E227,E102,CHK-20038
PAY-2026-0039,VCH-2026-0039,V1034,35026.21,2026-10-26,E227,E115,CHK-20039
PAY-2026-0040,VCH-2026-0040,V1012,32520.92,2026-08-21,E231,E108,CHK-20040
PAY-2026-0041,VCH-2026-0041,V1013,15176.22,2026-05-10,E204,E119,CHK-20041
PAY-2026-0042,VCH-2026-0042,V1003,31079.58,2026-11-29,E223,E119,CHK-20042
PAY-2026-0043,VCH-2026-0043,V1006,14815.8,2026-06-26,E227,E119,CHK-20043
PAY-2026-0044,VCH-2026-0044,V1011,16793.67,2026-08-09,E231,E119,CHK-20044
PAY-2026-0045,VCH-2026-0045,V1019,20939.59,2026-11-24,E204,E108,CHK-20045
PAY-2026-0046,VCH-2026-0046,V1013,2279.83,2026-01-25,E218,E119,CHK-20046
PAY-2026-0047,VCH-2026-0047,V1001,28638.47,2026-03-06,E223,E108,CHK-20047
PAY-2026-0048,VCH-2026-0048,V1033,2483.09,2026-03-11,E211,E119,CHK-20048
PAY-2026-0049,VCH-2026-0049,V1008,26428.44,2026-03-03,E231,E231,CHK-20049
PAY-2026-0050,VCH-2026-0050,V1037,27238.1,2026-10-16,E218,E108,CHK-20050
PAY-2026-0051,VCH-2026-0051,V1035,33467.83,2026-03-15,E231,E119,CHK-20051
PAY-2026-0052,VCH-2026-0052,V1014,44804.65,2026-11-17,E218,E119,CHK-20052
PAY-2026-0053,VCH-2026-0053,V1033,18093.74,2026-06-20,E211,E115,CHK-20053
PAY-2026-0054,VCH-2026-0054,V1026,9120.99,2026-06-13,E227,E102,CHK-20054
PAY-2026-0055,VCH-2026-9336,V1029,32208.42,2027-01-08,E227,E227,CHK-20055
PAY-2026-0056,VCH-2026-0056,V1002,6038.79,2026-07-27,E227,E108,CHK-20056
PAY-2026-0057,VCH-2026-0057,V1040,36601.17,2026-11-22,E218,E115,CHK-20057
PAY-2026-0058,VCH-2026-0058,V1017,45533.42,2026-04-21,E204,E102,CHK-20058
PAY-2026-0059,VCH-2026-0059,V1033,16632.64,2026-06-10,E231,E115,CHK-20059
PAY-2026-0060,VCH-2026-0060,V1042,10008.57,2026-11-03,E204,E102,CHK-20060
PAY-2026-0061,VCH-2026-0061,V1010,5591.23,2026-04-15,E227,E102,CHK-20061
PAY-2026-0062,VCH-2026-0062,V1018,28590.49,2026-08-14,E231,E102,CHK-20062
PAY-2026-0063,VCH-2026-0063,V1037,13280.24,2026-06-25,E223,E115,CHK-20063
PAY-2026-0064,VCH-2026-0064,V1022,13303.71,2026-09-13,E227,E227,CHK-20064
PAY-2026-0065,VCH-2026-0065,V1019,38597.41,2026-06-10,E227,E119,CHK-20065
PAY-2026-0066,VCH-2026-0066,V1034,38482.68,2026-12-10,E204,E119,CHK-20066
PAY-2026-0067,VCH-2026-0067,V1042,17166.55,2026-05-10,E223,E102,CHK-20067
PAY-2026-0068,VCH-2026-0068,V1003,17653.97,2026-11-04,E227,E115,CHK-20068
PAY-2026-0069,VCH-2026-0069,V1027,10874.79,2026-02-11,E211,E119,CHK-20069
PAY-2026-0070,VCH-2026-0070,V1032,15257.88,2026-04-09,E231,E102,CHK-20070
PAY-2026-0071,VCH-2026-0071,V1022,41531.48,2026-05-17,E231,E119,CHK-20071
PAY-2026-0072,VCH-2026-0072,V1010,969.02,2026-03-03,E223,E115,CHK-20072
PAY-2026-0073,VCH-2026-0073,V1030,29087.48,2026-09-20,E218,E102,CHK-20073
PAY-2026-0074,VCH-2026-0074,V1039,15282.8,2026-05-28,E231,E119,CHK-20074
PAY-2026-0075,VCH-2026-0075,V1007,35049.04,2026-05-29,E211,E119,CHK-20075
PAY-2026-0076,VCH-2026-0076,V1013,26768.68,2026-03-09,E231,E102,CHK-20076
PAY-2026-0077,VCH-2026-0077,V1020,42092.71,2026-05-25,E204,E115,CHK-20077
PAY-2026-0078,VCH-2026-0078,V1008,25194.67,2026-09-07,E223,E108,CHK-20078
PAY-2026-0079,VCH-2026-0079,V1008,42212.37,2026-09-11,E211,E119,CHK-20079
PAY-2026-0080,VCH-2026-0080,V1010,32847.27,2026-08-24,E231,E102,CHK-20080
PAY-2026-0081,VCH-2026-0081,V1043,14027.65,2026-06-24,E223,E102,CHK-20081
PAY-2026-0082,VCH-2026-0082,V1007,44835.34,2026-02-06,E223,E115,CHK-20082
PAY-2026-0083,VCH-2026-0083,V1039,40181.74,2026-10-09,E218,E102,CHK-20083
PAY-2026-0084,VCH-2026-0084,V1006,15178.18,2026-08-31,E218,E119,CHK-20084
PAY-2026-0085,VCH-2026-0085,V1036,31963.62,2026-04-25,E204,E119,CHK-20085
PAY-2026-0086,VCH-2026-0086,V1028,6020.49,2026-04-19,E231,E115,CHK-20086
PAY-2026-0087,VCH-2026-0087,V1042,12352.27,2026-07-24,E227,E115,CHK-20087
PAY-2026-0088,VCH-2026-0088,V1039,45100.87,2026-09-14,E227,E102,CHK-20088
PAY-2026-0089,VCH-2026-0089,V1033,12363.07,2026-03-25,E223,E108,CHK-20089
PAY-2026-0090,VCH-2026-0090,V1006,26563.52,2026-09-28,E211,E102,CHK-20090
PAY-2026-0091,VCH-2026-0091,V1037,23866.21,2026-10-09,E227,E115,CHK-20091
PAY-2026-0092,VCH-2026-0092,V1030,44248.7,2026-04-13,E223,E102,CHK-20092
PAY-2026-0093,VCH-2026-0093,V1013,38664.43,2026-08-03,E204,E119,CHK-20093
PAY-2026-0094,VCH-2026-0094,V1041,18069.51,2026-05-22,E218,E108,CHK-20094
PAY-2026-0095,VCH-2026-0095,V1008,32791.83,2026-08-12,E204,E108,CHK-20095
PAY-2026-0096,VCH-2026-0096,V1009,24182.83,2026-03-12,E204,E108,CHK-20096
PAY-2026-0097,VCH-2026-0097,V1012,23543.22,2026-11-16,E218,E119,CHK-20097
PAY-2026-0098,VCH-2026-0098,V1001,36549.42,2026-07-21,E227,E108,CHK-20098
PAY-2026-0099,VCH-2026-0099,V1002,21612.05,2026-05-13,E211,E102,CHK-20099
PAY-2026-0100,VCH-2026-9382,V1038,45464.75,2026-09-06,E218,E102,CHK-20100
PAY-2026-0101,VCH-2026-0101,V1008,19773.38,2026-12-24,E231,E102,CHK-20101
PAY-2026-0102,VCH-2026-0102,V1013,8351.82,2026-09-02,E218,E102,CHK-20102
PAY-2026-0103,VCH-2026-0103,V1014,42150.76,2026-09-05,E231,E102,CHK-20103
PAY-2026-0104,VCH-2026-0104,V1025,10599.08,2026-04-05,E231,E102,CHK-20104
PAY-2026-0105,VCH-2026-0105,V1001,37569.06,2026-07-07,E218,E119,CHK-20105
PAY-2026-0106,VCH-2026-0106,V1001,24846.75,2026-08-01,E227,E102,CHK-20106
PAY-2026-0107,VCH-2026-0107,V1016,32596.21,2026-12-15,E231,E102,CHK-20107
PAY-2026-0108,VCH-2026-0108,V1003,7594.81,2026-09-13,E218,E115,CHK-20108
PAY-2026-0109,VCH-2026-0109,V1008,27088.43,2026-03-07,E204,E102,CHK-20109
PAY-2026-0110,VCH-2026-0110,V1005,31903.59,2026-11-08,E204,E119,CHK-20110
PAY-2026-0111,VCH-2026-0111,V1020,11460.52,2026-06-18,E211,E119,CHK-20111
PAY-2026-0112,VCH-2026-0112,V1031,903.13,2026-11-15,E231,E108,CHK-20112
PAY-2026-0113,VCH-2026-0113,V1030,28119.25,2026-12-08,E218,E115,CHK-20113
PAY-2026-0114,VCH-2026-0114,V1024,42800.71,2026-07-11,E223,E108,CHK-20114
PAY-2026-0115,VCH-2026-0115,V1013,26353.2,2026-08-11,E204,E102,CHK-20115
PAY-2026-0116,VCH-2026-0116,V1031,44587.96,2026-10-15,E218,E102,CHK-20116
PAY-2026-0117,VCH-2026-0117,V1022,7018.46,2026-08-27,E227,E102,CHK-20117
PAY-2026-0118,VCH-2026-0118,V1032,18960.95,2026-03-16,E223,E115,CHK-20118
PAY-2026-0119,VCH-2026-0119,V1042,9850.00,2026-09-14,E211,E108,CHK-20119
PAY-2026-0120,VCH-2026-0120,V1042,9720.00,2026-09-16,E211,E108,CHK-20120
PAY-2026-0121,VCH-2026-0121,V1042,9905.00,2026-09-18,E211,E108,CHK-20121
PAY-2026-0122,VCH-2026-0122,V1042,9640.00,2026-09-20,E211,E108,CHK-20122
PAY-2026-0123,VCH-2026-0123,V1042,9880.00,2026-09-22,E211,E108,CHK-20123
