Flow ID,Source Entity,Target Entity,Amount,Flow Date,Relation
VF-0001,Harborline Marine Group,Gulfstream Propulsion,2195.37,2026-02-07,disbursement
VF-0002,Harborline Marine Group,Channel Marker Printing,1463.06,2026-07-31,disbursement
VF-0003,Harborline Marine Group,Coastal Fuel & Marine Services,8315.96,2026-03-13,disbursement
VF-0004,Harborline Marine Group,Seaward Metal Fabrication,17770.57,2026-03-16,disbursement
VF-0005,Harborline Marine Group,Yardarm Industrial Coatings,28424.89,2026-10-26,disbursement
VF-0006,Harborline Marine Group,Halyard Canvas & Upholstery,35033.48,2026-03-15,disbursement
VF-0007,Harborline Marine Group,Gulfstream Propulsion,3736.84,2026-11-17,disbursement
VF-0008,Harborline Marine Group,Harbormaster Software Licensing,29015.47,2026-09-07,disbursement
VF-0009,Harborline Marine Group,Harbormaster Software Licensing,33878.84,2026-11-17,disbursement
VF-0010,Harborline Marine Group,Cormorant Rigging Co,34194.92,2026-03-10,disbursement
VF-0011,Harborline Marine Group,Blue Ridge Marine Electronics,10076.19,2026-01-24,disbursement
VF-0012,Harborline Marine Group,Ironwood Pallet Company,8562.48,2026-01-26,disbursement
VF-0013,Harborline Marine Group,Gulfstream Propulsion,6145.93,2026-11-17,disbursement
VF-0014,Harborline Marine Group,Coastal Fuel and Marine Svcs,1444.47,2026-08-07,disbursement
VF-0015,Harborline Marine Group,Jetty Point Fuel Depot,21092.18,2026-12-25,disbursement
VF-0016,Harborline Marine Group,Seaward Metal Fabrication,36632.34,2026-11-21,disbursement
VF-0017,Harborline Marine Group,Zephyr Sailmakers,12415.31,2026-04-15,disbursement
VF-0018,Harborline Marine Group,Zephyr Sailmakers,27744.65,2026-10-10,disbursement
VF-0019,Harborline Marine Group,Harbormaster Software Licensing,25863.81,2026-04-28,disbursement
VF-0020,Harborline Marine Group,Atlantic Diesel Works,35605.88,2026-09-25,disbursement
VF-0021,Harborline Marine Group,Riptide Engine Components,34895.2,2026-07-15,disbursement
VF-0022,Harborline Marine Group,Harbormaster Software Licensing,37561.63,2026-03-24,disbursement
VF-0023,Harborline Marine Group,"Harbour Marine Supply, L.L.C.",20766.59,2026-05-09,disbursement
VF-0024,Harborline Marine Group,Longshore Staffing Partners,8128.3,2026-08-27,disbursement
VF-0025,Harborline Marine Group,Halyard Canvas & Upholstery,9471.0,2026-07-02,disbursement
VF-0026,Harborline Marine Group,Anchorline Freight Services,17746.47,2026-07-06,disbursement
VF-0027,Harborline Marine Group,Marlinspike Tool Rental,31477.1,2026-10-09,disbursement
VF-0028,Harborline Marine Group,Atlantic Diesel Works,16543.94,2026-11-08,disbursement
VF-0029,Harborline Marine Group,Jubilee Uniform & Workwear,21805.84,2026-05-02,disbursement
VF-0030,Harborline Marine Group,Mainsail Textile Group,33735.48,2026-01-20,disbursement
VF-0031,Harborline Marine Group,Seaward Metal Fabrication,17540.3,2026-01-02,disbursement
VF-0032,Harborline Marine Group,Keelson Composite Materials,14241.86,2026-05-02,disbursement
VF-0033,Harborline Marine Group,Zephyr Sailmakers,15854.8,2026-10-01,disbursement
VF-0034,Harborline Marine Group,Kingfisher Security Services,3019.99,2026-01-31,disbursement
VF-0035,Harborline Marine Group,Coastal Fuel & Marine Services,3946.51,2026-05-02,disbursement
VF-0036,Harborline Marine Group,Mainsail Textile Group,10390.39,2026-07-31,disbursement
VF-0037,Harborline Marine Group,Nautical Parts Inc,3153.58,2026-04-18,disbursement
VF-0038,Harborline Marine Group,Cormorant Rigging Co,25848.36,2026-12-16,disbursement
VF-0039,Harborline Marine Group,Ferryman Logistics,34112.61,2026-01-30,disbursement
VF-0040,Harborline Marine Group,Kingfisher Security Services,25284.47,2026-03-31,disbursement
VF-0041,Harborline Marine Group,Deepwater Hull Coatings,10602.2,2026-06-16,disbursement
VF-0042,Harborline Marine Group,Undertow Dive Supply,21525.15,2026-04-17,disbursement
VF-0043,Harborline Marine Group,Windward Chandlery,25164.45,2026-04-28,disbursement
VF-0044,Harborline Marine Group,Mainsail Textile Group,37670.72,2026-04-04,disbursement
VF-0045,Harborline Marine Group,Offshore Safety Equipment,25531.72,2026-06-29,disbursement
VF-0046,Harborline Marine Group,Beacon Hill Insurance Brokers,7258.51,2026-12-31,disbursement
VF-0047,Harborline Marine Group,Harbor Marine Supply LLC,15189.13,2026-01-05,disbursement
VF-0048,Harborline Marine Group,Ironwood Pallet Company,24688.94,2026-04-03,disbursement
VF-0049,Harborline Marine Group,Bayview Advisory Partners,48500.00,2026-11-03,consulting
VF-0050,Bayview Advisory Partners,Meridian Holdings LC,48500.00,2026-11-05,transfer
VF-0051,Meridian Holdings LC,Harborline Marine Group,48500.00,2026-11-07,transfer
