Check Number,Payee,Check Date,Amount,Prepared By,Signed By,Image Reference
4266,Members,2025-07-10,22342.26,Dana Merritt,Jo Kestrel,IMG-4266
4270,Granite Peak Properties,2025-07-18,7954.55,Dana Merritt,Jo Kestrel,IMG-4270
4271,Kinetic Drivetrain Co.,2025-07-18,53278.49,Dana Merritt,Jo Kestrel,IMG-4271
4272,Moraine Cycle Components,2025-07-18,132890.78,Dana Merritt,Jo Kestrel,IMG-4272
4274,Summit Tire Import,2025-07-18,79507.26,Dana Merritt,Jo Kestrel,IMG-4274
4275,Velo Freight Lines,2025-07-18,7372.83,Dana Merritt,Jo Kestrel,IMG-4275
4277,Idaho State Tax Commission,2025-07-25,10690.99,Dana Merritt,Jo Kestrel,IMG-4277
4278,Members,2025-08-11,22342.26,Dana Merritt,Jo Kestrel,IMG-4278
4279,Rocky Mountain Racking,2025-08-12,14500.00,Dana Merritt,Jo Kestrel,IMG-4279
4283,Granite Peak Properties,2025-08-18,7954.55,Dana Merritt,Jo Kestrel,IMG-4283
4284,Kinetic Drivetrain Co.,2025-08-18,53278.49,Dana Merritt,Jo Kestrel,IMG-4284
4285,Moraine Cycle Components,2025-08-18,132890.78,Dana Merritt,Jo Kestrel,IMG-4285
4287,Summit Tire Import,2025-08-18,79507.26,Dana Merritt,Jo Kestrel,IMG-4287
4288,Velo Freight Lines,2025-08-18,7372.83,Dana Merritt,Jo Kestrel,IMG-4288
4290,Idaho State Tax Commission,2025-08-25,10690.99,Dana Merritt,Jo Kestrel,IMG-4290
4291,Members,2025-09-10,22342.26,Dana Merritt,Jo Kestrel,IMG-4291
4295,Granite Peak Properties,2025-09-18,7954.55,Dana Merritt,Jo Kestrel,IMG-4295
4296,Kinetic Drivetrain Co.,2025-09-18,53278.49,Dana Merritt,Jo Kestrel,IMG-4296
4297,Moraine Cycle Components,2025-09-18,132890.78,Dana Merritt,Jo Kestrel,IMG-4297
4299,Summit Tire Import,2025-09-18,79507.26,Dana Merritt,Jo Kestrel,IMG-4299
4300,Velo Freight Lines,2025-09-18,7372.83,Dana Merritt,Jo Kestrel,IMG-4300
4301,DM Consulting,2025-09-22,1500.00,Dana Merritt,Dana Merritt,IMG-4301
4302,Owen Pike Hauling,2025-09-23,1850.00,Dana Merritt,Jo Kestrel,IMG-4302
4304,Idaho State Tax Commission,2025-09-25,10690.99,Dana Merritt,Jo Kestrel,IMG-4304
4305,First Prairie Bank,2025-10-01,50000.00,Dana Merritt,Jo Kestrel,IMG-4305
4306,Members,2025-10-10,22342.26,Dana Merritt,Jo Kestrel,IMG-4306
4310,Granite Peak Properties,2025-10-20,7954.55,Dana Merritt,Jo Kestrel,IMG-4310
4311,Kinetic Drivetrain Co.,2025-10-20,53278.49,Dana Merritt,Jo Kestrel,IMG-4311
4312,Moraine Cycle Components,2025-10-20,132890.78,Dana Merritt,Jo Kestrel,IMG-4312
4314,Summit Tire Import,2025-10-20,79507.26,Dana Merritt,Jo Kestrel,IMG-4314
4315,Velo Freight Lines,2025-10-20,7372.83,Dana Merritt,Jo Kestrel,IMG-4315
4317,Idaho State Tax Commission,2025-10-27,10690.99,Dana Merritt,Jo Kestrel,IMG-4317
4318,Members,2025-11-10,22342.26,Dana Merritt,Jo Kestrel,IMG-4318
4325,Granite Peak Properties,2025-11-18,7954.55,Dana Merritt,Jo Kestrel,IMG-4325
4326,Kinetic Drivetrain Co.,2025-11-18,53278.49,Dana Merritt,Jo Kestrel,IMG-4326
4327,Moraine Cycle Components,2025-11-18,132890.78,Dana Merritt,Jo Kestrel,IMG-4327
4329,Summit Tire Import,2025-11-18,79507.26,Dana Merritt,Jo Kestrel,IMG-4329
4330,Velo Freight Lines,2025-11-18,7372.83,Dana Merritt,Jo Kestrel,IMG-4330
4332,Idaho State Tax Commission,2025-11-25,10690.99,Dana Merritt,Jo Kestrel,IMG-4332
4333,Members,2025-12-10,22342.26,Dana Merritt,Jo Kestrel,IMG-4333
4337,Granite Peak Properties,2025-12-18,7954.55,Dana Merritt,Jo Kestrel,IMG-4337
4338,Kinetic Drivetrain Co.,2025-12-18,53278.49,Dana Merritt,Jo Kestrel,IMG-4338
4339,Moraine Cycle Components,2025-12-18,132890.78,Dana Merritt,Jo Kestrel,IMG-4339
4341,Summit Tire Import,2025-12-18,79507.26,Dana Merritt,Jo Kestrel,IMG-4341
4342,Velo Freight Lines,2025-12-18,7372.83,Dana Merritt,Jo Kestrel,IMG-4342
4343,DM Consulting,2025-12-22,1500.00,Dana Merritt,Dana Merritt,IMG-4343
4345,Idaho State Tax Commission,2025-12-26,10690.99,Dana Merritt,Jo Kestrel,IMG-4345
4346,Members,2026-01-12,22342.26,Dana Merritt,Jo Kestrel,IMG-4346
4350,Granite Peak Properties,2026-01-19,7954.55,Dana Merritt,Jo Kestrel,IMG-4350
4351,Kinetic Drivetrain Co.,2026-01-19,53278.49,Dana Merritt,Jo Kestrel,IMG-4351
4352,Moraine Cycle Components,2026-01-19,132890.78,Dana Merritt,Jo Kestrel,IMG-4352
4354,Summit Tire Import,2026-01-19,79507.26,Dana Merritt,Jo Kestrel,IMG-4354
4355,Velo Freight Lines,2026-01-19,7372.83,Dana Merritt,Jo Kestrel,IMG-4355
4357,Idaho State Tax Commission,2026-01-26,10690.99,Dana Merritt,Jo Kestrel,IMG-4357
4358,Owen Pike Hauling,2026-01-27,2100.00,Dana Merritt,Jo Kestrel,IMG-4358
4359,Members,2026-02-10,22342.26,Dana Merritt,Jo Kestrel,IMG-4359
4363,Granite Peak Properties,2026-02-18,7954.55,Dana Merritt,Jo Kestrel,IMG-4363
4364,Kinetic Drivetrain Co.,2026-02-18,53278.49,Dana Merritt,Jo Kestrel,IMG-4364
4365,Moraine Cycle Components,2026-02-18,132890.78,Dana Merritt,Jo Kestrel,IMG-4365
4367,Summit Tire Import,2026-02-18,79507.26,Dana Merritt,Jo Kestrel,IMG-4367
4368,Velo Freight Lines,2026-02-18,7372.83,Dana Merritt,Jo Kestrel,IMG-4368
4370,Idaho State Tax Commission,2026-02-25,10690.99,Dana Merritt,Jo Kestrel,IMG-4370
4371,Members,2026-03-10,22342.26,Dana Merritt,Jo Kestrel,IMG-4371
4375,Granite Peak Properties,2026-03-18,7954.55,Dana Merritt,Jo Kestrel,IMG-4375
4376,Kinetic Drivetrain Co.,2026-03-18,53278.49,Dana Merritt,Jo Kestrel,IMG-4376
4377,Moraine Cycle Components,2026-03-18,132890.78,Dana Merritt,Jo Kestrel,IMG-4377
4379,Summit Tire Import,2026-03-18,79507.26,Dana Merritt,Jo Kestrel,IMG-4379
4380,Velo Freight Lines,2026-03-18,7372.83,Dana Merritt,Jo Kestrel,IMG-4380
4381,DM Consulting,2026-03-23,1500.00,Dana Merritt,Dana Merritt,IMG-4381
4383,Idaho State Tax Commission,2026-03-25,10690.99,Dana Merritt,Jo Kestrel,IMG-4383
4384,"Moraine Cycle Components, Inc.",2026-04-02,18432.50,Dana Merritt,Jo Kestrel,IMG-4384
4385,Members,2026-04-10,22342.26,Dana Merritt,Jo Kestrel,IMG-4385
4389,Granite Peak Properties,2026-04-20,7954.55,Dana Merritt,Jo Kestrel,IMG-4389
4390,Kinetic Drivetrain Co.,2026-04-20,53278.49,Dana Merritt,Jo Kestrel,IMG-4390
4391,Moraine Cycle Components,2026-04-20,132890.78,Dana Merritt,Jo Kestrel,IMG-4391
4393,Summit Tire Import,2026-04-20,79507.26,Dana Merritt,Jo Kestrel,IMG-4393
4394,Velo Freight Lines,2026-04-20,7372.83,Dana Merritt,Jo Kestrel,IMG-4394
4396,Idaho State Tax Commission,2026-04-27,10690.99,Dana Merritt,Jo Kestrel,IMG-4396
4397,Owen Pike Hauling,2026-04-28,1975.00,Dana Merritt,Jo Kestrel,IMG-4397
4398,Members,2026-05-11,22342.28,Dana Merritt,Jo Kestrel,IMG-4398
4399,Gallatin Display Works,2026-05-12,9800.00,Dana Merritt,Jo Kestrel,IMG-4399
4403,Granite Peak Properties,2026-05-18,7954.50,Dana Merritt,Jo Kestrel,IMG-4403
4404,Kinetic Drivetrain Co.,2026-05-18,53278.51,Dana Merritt,Jo Kestrel,IMG-4404
4405,Moraine Cycle Components,2026-05-18,132890.82,Dana Merritt,Jo Kestrel,IMG-4405
4407,Summit Tire Import,2026-05-18,79507.28,Dana Merritt,Jo Kestrel,IMG-4407
4408,Velo Freight Lines,2026-05-18,7372.82,Dana Merritt,Jo Kestrel,IMG-4408
4410,Idaho State Tax Commission,2026-05-26,10690.96,Dana Merritt,Jo Kestrel,IMG-4410
4411,Granite Peak Properties,2026-06-02,8750.00,Dana Merritt,Jo Kestrel,IMG-4411
4412,Moraine Cycle Components,2026-06-04,22140.60,Dana Merritt,Jo Kestrel,IMG-4412
4414,Velo Freight Lines,2026-06-11,3915.00,Dana Merritt,Jo Kestrel,IMG-4414
4415,Summit Tire Import,2026-06-16,17480.25,Dana Merritt,Jo Kestrel,IMG-4415
4416,Big Hole Insurance,2026-06-19,4210.00,Dana Merritt,Jo Kestrel,IMG-4416
4417,Moraine Cycle Components,2026-06-22,15600.00,Dana Merritt,Jo Kestrel,IMG-4417
4420,Granite Peak Properties,2026-06-26,8750.00,Dana Merritt,Jo Kestrel,IMG-4420
4421,Tri-County Tool Rental,2026-06-27,3100.00,Dana Merritt,Jo Kestrel,IMG-4421
4426,Moraine Cycle Components,2026-06-30,11265.40,Dana Merritt,Jo Kestrel,IMG-4426
