Flow ID,From,To,Amount,Date,Relation,Flow Type,Evidence
FF-001,"Kestrel Valley Cycle Supply, LLC",Members,22342.26,2025-07-10,payment,vendor payment,check 4266
FF-002,"Kestrel Valley Cycle Supply, LLC",Kinetic Drivetrain Co.,53278.49,2025-07-18,payment,vendor payment,check 4271
FF-003,"Kestrel Valley Cycle Supply, LLC",Moraine Cycle Components,132890.78,2025-07-18,payment,vendor payment,check 4272
FF-004,"Kestrel Valley Cycle Supply, LLC",Summit Tire Import,79507.26,2025-07-18,payment,vendor payment,check 4274
FF-005,"Kestrel Valley Cycle Supply, LLC",Idaho State Tax Commission,10690.99,2025-07-25,payment,vendor payment,check 4277
FF-006,"Kestrel Valley Cycle Supply, LLC",Members,22342.26,2025-08-11,payment,vendor payment,check 4278
FF-007,"Kestrel Valley Cycle Supply, LLC",Rocky Mountain Racking,14500.00,2025-08-12,payment,vendor payment,check 4279
FF-008,"Kestrel Valley Cycle Supply, LLC",Kinetic Drivetrain Co.,53278.49,2025-08-18,payment,vendor payment,check 4284
FF-009,"Kestrel Valley Cycle Supply, LLC",Moraine Cycle Components,132890.78,2025-08-18,payment,vendor payment,check 4285
FF-010,"Kestrel Valley Cycle Supply, LLC",Summit Tire Import,79507.26,2025-08-18,payment,vendor payment,check 4287
FF-011,"Kestrel Valley Cycle Supply, LLC",Idaho State Tax Commission,10690.99,2025-08-25,payment,vendor payment,check 4290
FF-012,"Kestrel Valley Cycle Supply, LLC",Members,22342.26,2025-09-10,payment,vendor payment,check 4291
FF-013,"Kestrel Valley Cycle Supply, LLC",Kinetic Drivetrain Co.,53278.49,2025-09-18,payment,vendor payment,check 4296
FF-014,"Kestrel Valley Cycle Supply, LLC",Moraine Cycle Components,132890.78,2025-09-18,payment,vendor payment,check 4297
FF-015,"Kestrel Valley Cycle Supply, LLC",Summit Tire Import,79507.26,2025-09-18,payment,vendor payment,check 4299
FF-016,"Kestrel Valley Cycle Supply, LLC",Idaho State Tax Commission,10690.99,2025-09-25,payment,vendor payment,check 4304
FF-017,"Kestrel Valley Cycle Supply, LLC",First Prairie Bank,50000.00,2025-10-01,payment,vendor payment,check 4305
FF-018,"Kestrel Valley Cycle Supply, LLC",Members,22342.26,2025-10-10,payment,vendor payment,check 4306
FF-019,"Kestrel Valley Cycle Supply, LLC",Kinetic Drivetrain Co.,53278.49,2025-10-20,payment,vendor payment,check 4311
FF-020,"Kestrel Valley Cycle Supply, LLC",Moraine Cycle Components,132890.78,2025-10-20,payment,vendor payment,check 4312
FF-021,"Kestrel Valley Cycle Supply, LLC",Summit Tire Import,79507.26,2025-10-20,payment,vendor payment,check 4314
FF-022,"Kestrel Valley Cycle Supply, LLC",Idaho State Tax Commission,10690.99,2025-10-27,payment,vendor payment,check 4317
FF-023,"Kestrel Valley Cycle Supply, LLC",Members,22342.26,2025-11-10,payment,vendor payment,check 4318
FF-024,"Kestrel Valley Cycle Supply, LLC",Kinetic Drivetrain Co.,53278.49,2025-11-18,payment,vendor payment,check 4326
FF-025,"Kestrel Valley Cycle Supply, LLC",Moraine Cycle Components,132890.78,2025-11-18,payment,vendor payment,check 4327
FF-026,"Kestrel Valley Cycle Supply, LLC",Summit Tire Import,79507.26,2025-11-18,payment,vendor payment,check 4329
FF-027,"Kestrel Valley Cycle Supply, LLC",Idaho State Tax Commission,10690.99,2025-11-25,payment,vendor payment,check 4332
FF-028,"Kestrel Valley Cycle Supply, LLC",Members,22342.26,2025-12-10,payment,vendor payment,check 4333
FF-029,"Kestrel Valley Cycle Supply, LLC",Kinetic Drivetrain Co.,53278.49,2025-12-18,payment,vendor payment,check 4338
FF-030,"Kestrel Valley Cycle Supply, LLC",Moraine Cycle Components,132890.78,2025-12-18,payment,vendor payment,check 4339
FF-031,"Kestrel Valley Cycle Supply, LLC",Summit Tire Import,79507.26,2025-12-18,payment,vendor payment,check 4341
FF-032,"Kestrel Valley Cycle Supply, LLC",Idaho State Tax Commission,10690.99,2025-12-26,payment,vendor payment,check 4345
FF-033,"Kestrel Valley Cycle Supply, LLC",Members,22342.26,2026-01-12,payment,vendor payment,check 4346
FF-034,"Kestrel Valley Cycle Supply, LLC",Kinetic Drivetrain Co.,53278.49,2026-01-19,payment,vendor payment,check 4351
FF-035,"Kestrel Valley Cycle Supply, LLC",Moraine Cycle Components,132890.78,2026-01-19,payment,vendor payment,check 4352
FF-036,"Kestrel Valley Cycle Supply, LLC",Summit Tire Import,79507.26,2026-01-19,payment,vendor payment,check 4354
FF-037,"Kestrel Valley Cycle Supply, LLC",Idaho State Tax Commission,10690.99,2026-01-26,payment,vendor payment,check 4357
FF-038,"Kestrel Valley Cycle Supply, LLC",Members,22342.26,2026-02-10,payment,vendor payment,check 4359
FF-039,"Kestrel Valley Cycle Supply, LLC",Kinetic Drivetrain Co.,53278.49,2026-02-18,payment,vendor payment,check 4364
FF-040,"Kestrel Valley Cycle Supply, LLC",Moraine Cycle Components,132890.78,2026-02-18,payment,vendor payment,check 4365
FF-041,"Kestrel Valley Cycle Supply, LLC",Summit Tire Import,79507.26,2026-02-18,payment,vendor payment,check 4367
FF-042,"Kestrel Valley Cycle Supply, LLC",Idaho State Tax Commission,10690.99,2026-02-25,payment,vendor payment,check 4370
FF-043,"Kestrel Valley Cycle Supply, LLC",Members,22342.26,2026-03-10,payment,vendor payment,check 4371
FF-044,"Kestrel Valley Cycle Supply, LLC",Kinetic Drivetrain Co.,53278.49,2026-03-18,payment,vendor payment,check 4376
FF-045,"Kestrel Valley Cycle Supply, LLC",Moraine Cycle Components,132890.78,2026-03-18,payment,vendor payment,check 4377
FF-046,"Kestrel Valley Cycle Supply, LLC",Summit Tire Import,79507.26,2026-03-18,payment,vendor payment,check 4379
FF-047,"Kestrel Valley Cycle Supply, LLC",Idaho State Tax Commission,10690.99,2026-03-25,payment,vendor payment,check 4383
FF-048,"Kestrel Valley Cycle Supply, LLC","Moraine Cycle Components, Inc.",18432.50,2026-04-02,payment,vendor payment,check 4384
FF-049,"Kestrel Valley Cycle Supply, LLC",Members,22342.26,2026-04-10,payment,vendor payment,check 4385
FF-050,"Kestrel Valley Cycle Supply, LLC",Kinetic Drivetrain Co.,53278.49,2026-04-20,payment,vendor payment,check 4390
FF-051,"Kestrel Valley Cycle Supply, LLC",Moraine Cycle Components,132890.78,2026-04-20,payment,vendor payment,check 4391
FF-052,"Kestrel Valley Cycle Supply, LLC",Summit Tire Import,79507.26,2026-04-20,payment,vendor payment,check 4393
FF-053,"Kestrel Valley Cycle Supply, LLC",Idaho State Tax Commission,10690.99,2026-04-27,payment,vendor payment,check 4396
FF-054,"Kestrel Valley Cycle Supply, LLC",Members,22342.28,2026-05-11,payment,vendor payment,check 4398
FF-055,"Kestrel Valley Cycle Supply, LLC",Gallatin Display Works,9800.00,2026-05-12,payment,vendor payment,check 4399
FF-056,"Kestrel Valley Cycle Supply, LLC",Kinetic Drivetrain Co.,53278.51,2026-05-18,payment,vendor payment,check 4404
FF-057,"Kestrel Valley Cycle Supply, LLC",Moraine Cycle Components,132890.82,2026-05-18,payment,vendor payment,check 4405
FF-058,"Kestrel Valley Cycle Supply, LLC",Summit Tire Import,79507.28,2026-05-18,payment,vendor payment,check 4407
FF-059,"Kestrel Valley Cycle Supply, LLC",Idaho State Tax Commission,10690.96,2026-05-26,payment,vendor payment,check 4410
FF-060,"Kestrel Valley Cycle Supply, LLC",Moraine Cycle Components,22140.60,2026-06-04,payment,vendor payment,check 4412
FF-061,"Kestrel Valley Cycle Supply, LLC",Summit Tire Import,17480.25,2026-06-16,payment,vendor payment,check 4415
FF-062,"Kestrel Valley Cycle Supply, LLC",Moraine Cycle Components,15600.00,2026-06-22,payment,vendor payment,check 4417
FF-063,"Kestrel Valley Cycle Supply, LLC",Moraine Cycle Components,11265.40,2026-06-30,payment,vendor payment,check 4426
FF-064,Gallatin Display Works,Summit Loop Racing,9800.00,2026-05-14,transfer,third party,traced by the auditor: the check's endorsement and deposit
FF-065,Summit Loop Racing,"Kestrel Valley Cycle Supply, LLC",9800.00,2026-05-19,receipt,customer receipt,recorded as a customer receipt (QuickBooks Payment)
