Code,Representation,Obtained,Dated,Signed By
fs_responsibility,fs responsibility,yes,2026-07-20,Jo Kestrel
internal_control,internal control,yes,2026-07-20,Jo Kestrel
all_information,all information,yes,2026-07-20,Jo Kestrel
all_transactions_recorded,all transactions recorded,yes,2026-07-20,Jo Kestrel
fraud,fraud,yes,2026-07-20,Jo Kestrel
fraud_allegations,fraud allegations,yes,2026-07-20,Jo Kestrel
laws_regulations,laws regulations,yes,2026-07-20,Jo Kestrel
uncorrected_misstatements,uncorrected misstatements,yes,2026-07-20,Jo Kestrel
litigation_claims,litigation claims,yes,2026-07-20,Jo Kestrel
estimates,estimates,yes,2026-07-20,Jo Kestrel
subsequent_events,subsequent events,yes,2026-07-20,Jo Kestrel
