Employee ID,Check Date,Gross Pay,Taxes Withheld,Net Pay,Check Number
E01,2025-07-15,2532.81,455.91,2076.90,DD-01-E01
E02,2025-07-15,1688.54,303.94,1384.60,DD-01-E02
E03,2025-07-15,1407.12,253.28,1153.84,DD-01-E03
E04,2025-07-15,1407.12,253.28,1153.84,DD-01-E04
E05,2025-07-15,1407.12,253.28,1153.84,DD-01-E05
E06,2025-07-15,1407.12,253.28,1153.84,DD-01-E06
E07,2025-07-15,1688.54,303.94,1384.60,DD-01-E07
E08,2025-07-15,1125.69,202.62,923.07,DD-01-E08
E09,2025-07-15,1125.69,202.62,923.07,DD-01-E09
E10,2025-07-15,1125.69,202.62,923.07,DD-01-E10
E11,2025-07-15,1125.69,202.62,923.07,DD-01-E11
E12,2025-07-15,1125.69,202.62,923.07,DD-01-E12
E13,2025-07-15,1125.69,202.62,923.07,DD-01-E13
E14,2025-07-15,1125.69,202.62,923.07,DD-01-E14
E16,2025-07-15,844.30,151.97,692.33,DD-01-E16
E01,2025-07-28,2532.81,455.91,2076.90,DD-02-E01
E02,2025-07-28,1688.54,303.94,1384.60,DD-02-E02
E03,2025-07-28,1407.12,253.28,1153.84,DD-02-E03
E04,2025-07-28,1407.12,253.28,1153.84,DD-02-E04
E05,2025-07-28,1407.12,253.28,1153.84,DD-02-E05
E06,2025-07-28,1407.12,253.28,1153.84,DD-02-E06
E07,2025-07-28,1688.54,303.94,1384.60,DD-02-E07
E08,2025-07-28,1125.69,202.62,923.07,DD-02-E08
E09,2025-07-28,1125.69,202.62,923.07,DD-02-E09
E10,2025-07-28,1125.69,202.62,923.07,DD-02-E10
E11,2025-07-28,1125.69,202.62,923.07,DD-02-E11
E12,2025-07-28,1125.69,202.62,923.07,DD-02-E12
E13,2025-07-28,1125.69,202.62,923.07,DD-02-E13
E14,2025-07-28,1125.69,202.62,923.07,DD-02-E14
E16,2025-07-28,844.30,151.97,692.33,DD-02-E16
E01,2025-08-15,2532.81,455.91,2076.90,DD-03-E01
E02,2025-08-15,1688.54,303.94,1384.60,DD-03-E02
E03,2025-08-15,1407.12,253.28,1153.84,DD-03-E03
E04,2025-08-15,1407.12,253.28,1153.84,DD-03-E04
E05,2025-08-15,1407.12,253.28,1153.84,DD-03-E05
E06,2025-08-15,1407.12,253.28,1153.84,DD-03-E06
E07,2025-08-15,1688.54,303.94,1384.60,DD-03-E07
E08,2025-08-15,1125.69,202.62,923.07,DD-03-E08
E09,2025-08-15,1125.69,202.62,923.07,DD-03-E09
E10,2025-08-15,1125.69,202.62,923.07,DD-03-E10
E11,2025-08-15,1125.69,202.62,923.07,DD-03-E11
E12,2025-08-15,1125.69,202.62,923.07,DD-03-E12
E13,2025-08-15,1125.69,202.62,923.07,DD-03-E13
E14,2025-08-15,1125.69,202.62,923.07,DD-03-E14
E16,2025-08-15,844.30,151.97,692.33,DD-03-E16
E01,2025-08-28,2532.81,455.91,2076.90,DD-04-E01
E02,2025-08-28,1688.54,303.94,1384.60,DD-04-E02
E03,2025-08-28,1407.12,253.28,1153.84,DD-04-E03
E04,2025-08-28,1407.12,253.28,1153.84,DD-04-E04
E05,2025-08-28,1407.12,253.28,1153.84,DD-04-E05
E06,2025-08-28,1407.12,253.28,1153.84,DD-04-E06
E07,2025-08-28,1688.54,303.94,1384.60,DD-04-E07
E08,2025-08-28,1125.69,202.62,923.07,DD-04-E08
E09,2025-08-28,1125.69,202.62,923.07,DD-04-E09
E10,2025-08-28,1125.69,202.62,923.07,DD-04-E10
E11,2025-08-28,1125.69,202.62,923.07,DD-04-E11
E12,2025-08-28,1125.69,202.62,923.07,DD-04-E12
E13,2025-08-28,1125.69,202.62,923.07,DD-04-E13
E14,2025-08-28,1125.69,202.62,923.07,DD-04-E14
E16,2025-08-28,844.30,151.97,692.33,DD-04-E16
E01,2025-09-15,2532.81,455.91,2076.90,DD-05-E01
E02,2025-09-15,1688.54,303.94,1384.60,DD-05-E02
E03,2025-09-15,1407.12,253.28,1153.84,DD-05-E03
E04,2025-09-15,1407.12,253.28,1153.84,DD-05-E04
E05,2025-09-15,1407.12,253.28,1153.84,DD-05-E05
E06,2025-09-15,1407.12,253.28,1153.84,DD-05-E06
E07,2025-09-15,1688.54,303.94,1384.60,DD-05-E07
E08,2025-09-15,1125.69,202.62,923.07,DD-05-E08
E09,2025-09-15,1125.69,202.62,923.07,DD-05-E09
E10,2025-09-15,1125.69,202.62,923.07,DD-05-E10
E11,2025-09-15,1125.69,202.62,923.07,DD-05-E11
E12,2025-09-15,1125.69,202.62,923.07,DD-05-E12
E13,2025-09-15,1125.69,202.62,923.07,DD-05-E13
E14,2025-09-15,1125.69,202.62,923.07,DD-05-E14
E16,2025-09-15,844.30,151.97,692.33,DD-05-E16
E01,2025-09-29,2532.81,455.91,2076.90,DD-06-E01
E02,2025-09-29,1688.54,303.94,1384.60,DD-06-E02
E03,2025-09-29,1407.12,253.28,1153.84,DD-06-E03
E04,2025-09-29,1407.12,253.28,1153.84,DD-06-E04
E05,2025-09-29,1407.12,253.28,1153.84,DD-06-E05
E06,2025-09-29,1407.12,253.28,1153.84,DD-06-E06
E07,2025-09-29,1688.54,303.94,1384.60,DD-06-E07
E08,2025-09-29,1125.69,202.62,923.07,DD-06-E08
E09,2025-09-29,1125.69,202.62,923.07,DD-06-E09
E10,2025-09-29,1125.69,202.62,923.07,DD-06-E10
E11,2025-09-29,1125.69,202.62,923.07,DD-06-E11
E12,2025-09-29,1125.69,202.62,923.07,DD-06-E12
E13,2025-09-29,1125.69,202.62,923.07,DD-06-E13
E14,2025-09-29,1125.69,202.62,923.07,DD-06-E14
E16,2025-09-29,844.30,151.97,692.33,DD-06-E16
E01,2025-10-15,2532.81,455.91,2076.90,DD-07-E01
E02,2025-10-15,1688.54,303.94,1384.60,DD-07-E02
E03,2025-10-15,1407.12,253.28,1153.84,DD-07-E03
E04,2025-10-15,1407.12,253.28,1153.84,DD-07-E04
E05,2025-10-15,1407.12,253.28,1253.84,DD-07-E05
E06,2025-10-15,1407.12,253.28,1153.84,DD-07-E06
E07,2025-10-15,1688.54,303.94,1384.60,DD-07-E07
E08,2025-10-15,1125.69,202.62,923.07,DD-07-E08
E09,2025-10-15,1125.69,202.62,923.07,DD-07-E09
E10,2025-10-15,1125.69,202.62,923.07,DD-07-E10
E11,2025-10-15,1125.69,202.62,923.07,DD-07-E11
E12,2025-10-15,1125.69,202.62,923.07,DD-07-E12
E13,2025-10-15,1125.69,202.62,923.07,DD-07-E13
E14,2025-10-15,1125.69,202.62,923.07,DD-07-E14
E16,2025-10-15,844.30,151.97,692.33,DD-07-E16
E01,2025-10-28,2532.81,455.91,2076.90,DD-08-E01
E02,2025-10-28,1688.54,303.94,1384.60,DD-08-E02
E03,2025-10-28,1407.12,253.28,1153.84,DD-08-E03
E04,2025-10-28,1407.12,253.28,1153.84,DD-08-E04
E05,2025-10-28,1407.12,253.28,1153.84,DD-08-E05
E06,2025-10-28,1407.12,253.28,1153.84,DD-08-E06
E07,2025-10-28,1688.54,303.94,1384.60,DD-08-E07
E08,2025-10-28,1125.69,202.62,923.07,DD-08-E08
E09,2025-10-28,1125.69,202.62,923.07,DD-08-E09
E10,2025-10-28,1125.69,202.62,923.07,DD-08-E10
E11,2025-10-28,1125.69,202.62,923.07,DD-08-E11
E12,2025-10-28,1125.69,202.62,923.07,DD-08-E12
E13,2025-10-28,1125.69,202.62,923.07,DD-08-E13
E14,2025-10-28,1125.69,202.62,923.07,DD-08-E14
E16,2025-10-28,844.30,151.97,692.33,DD-08-E16
E01,2025-11-17,2532.81,455.91,2076.90,DD-09-E01
E02,2025-11-17,1688.54,303.94,1384.60,DD-09-E02
E03,2025-11-17,1407.12,253.28,1153.84,DD-09-E03
E04,2025-11-17,1407.12,253.28,1153.84,DD-09-E04
E05,2025-11-17,1407.12,253.28,1153.84,DD-09-E05
E06,2025-11-17,1407.12,253.28,1153.84,DD-09-E06
E07,2025-11-17,1688.54,303.94,1384.60,DD-09-E07
E08,2025-11-17,1125.69,202.62,923.07,DD-09-E08
E09,2025-11-17,1125.69,202.62,923.07,DD-09-E09
E10,2025-11-17,1125.69,202.62,923.07,DD-09-E10
E11,2025-11-17,1125.69,202.62,923.07,DD-09-E11
E12,2025-11-17,1125.69,202.62,923.07,DD-09-E12
E13,2025-11-17,1125.69,202.62,923.07,DD-09-E13
E14,2025-11-17,1125.69,202.62,923.07,DD-09-E14
E16,2025-11-17,844.30,151.97,692.33,DD-09-E16
E01,2025-11-28,2532.81,455.91,2076.90,DD-10-E01
E02,2025-11-28,1688.54,303.94,1384.60,DD-10-E02
E03,2025-11-28,1407.12,253.28,1153.84,DD-10-E03
E04,2025-11-28,1407.12,253.28,1153.84,DD-10-E04
E05,2025-11-28,1407.12,253.28,1153.84,DD-10-E05
E06,2025-11-28,1407.12,253.28,1153.84,DD-10-E06
E07,2025-11-28,1688.54,303.94,1384.60,DD-10-E07
E08,2025-11-28,1125.69,202.62,923.07,DD-10-E08
E09,2025-11-28,1125.69,202.62,923.07,DD-10-E09
E10,2025-11-28,1125.69,202.62,923.07,DD-10-E10
E11,2025-11-28,1125.69,202.62,923.07,DD-10-E11
E12,2025-11-28,1125.69,202.62,923.07,DD-10-E12
E13,2025-11-28,1125.69,202.62,923.07,DD-10-E13
E14,2025-11-28,1125.69,202.62,923.07,DD-10-E14
E16,2025-11-28,844.30,151.97,692.33,DD-10-E16
E01,2025-12-15,2532.81,455.91,2076.90,DD-11-E01
E02,2025-12-15,1688.54,303.94,1384.60,DD-11-E02
E03,2025-12-15,1407.12,253.28,1153.84,DD-11-E03
E04,2025-12-15,1407.12,253.28,1153.84,DD-11-E04
E05,2025-12-15,1407.12,253.28,1153.84,DD-11-E05
E06,2025-12-15,1407.12,253.28,1153.84,DD-11-E06
E07,2025-12-15,1688.54,303.94,1384.60,DD-11-E07
E08,2025-12-15,1125.69,202.62,923.07,DD-11-E08
E09,2025-12-15,1125.69,202.62,923.07,DD-11-E09
E10,2025-12-15,1125.69,202.62,923.07,DD-11-E10
E11,2025-12-15,1125.69,202.62,923.07,DD-11-E11
E12,2025-12-15,1125.69,202.62,923.07,DD-11-E12
E13,2025-12-15,1125.69,202.62,923.07,DD-11-E13
E14,2025-12-15,1125.69,202.62,923.07,DD-11-E14
E16,2025-12-15,844.30,151.97,692.33,DD-11-E16
E01,2025-12-29,2532.81,455.91,2076.90,DD-12-E01
E02,2025-12-29,1688.54,303.94,1384.60,DD-12-E02
E03,2025-12-29,1407.12,253.28,1153.84,DD-12-E03
E04,2025-12-29,1407.12,253.28,1153.84,DD-12-E04
E05,2025-12-29,1407.12,253.28,1153.84,DD-12-E05
E06,2025-12-29,1407.12,253.28,1153.84,DD-12-E06
E07,2025-12-29,1688.54,303.94,1384.60,DD-12-E07
E08,2025-12-29,1125.69,202.62,923.07,DD-12-E08
E09,2025-12-29,1125.69,202.62,923.07,DD-12-E09
E10,2025-12-29,1125.69,202.62,923.07,DD-12-E10
E11,2025-12-29,1125.69,202.62,923.07,DD-12-E11
E12,2025-12-29,1125.69,202.62,923.07,DD-12-E12
E13,2025-12-29,1125.69,202.62,923.07,DD-12-E13
E14,2025-12-29,1125.69,202.62,923.07,DD-12-E14
E16,2025-12-29,844.30,151.97,692.33,DD-12-E16
E01,2026-01-15,2532.81,455.91,2076.90,DD-13-E01
E02,2026-01-15,1688.54,303.94,1384.60,DD-13-E02
E03,2026-01-15,1407.12,253.28,1153.84,DD-13-E03
E04,2026-01-15,1407.12,253.28,1153.84,DD-13-E04
E05,2026-01-15,1407.12,253.28,1153.84,DD-13-E05
E06,2026-01-15,1407.12,253.28,1153.84,DD-13-E06
E07,2026-01-15,1688.54,303.94,1384.60,DD-13-E07
E08,2026-01-15,1125.69,202.62,923.07,DD-13-E08
E09,2026-01-15,1125.69,202.62,923.07,DD-13-E09
E10,2026-01-15,1125.69,202.62,923.07,DD-13-E10
E11,2026-01-15,1125.69,202.62,923.07,DD-13-E11
E12,2026-01-15,1125.69,202.62,923.07,DD-13-E12
E13,2026-01-15,1125.69,202.62,923.07,DD-13-E13
E14,2026-01-15,1125.69,202.62,923.07,DD-13-E14
E16,2026-01-15,844.30,151.97,692.33,DD-13-E16
E01,2026-01-28,2532.81,455.91,2076.90,DD-14-E01
E02,2026-01-28,1688.54,303.94,1384.60,DD-14-E02
E03,2026-01-28,1407.12,253.28,1153.84,DD-14-E03
E04,2026-01-28,1407.12,253.28,1153.84,DD-14-E04
E05,2026-01-28,1407.12,253.28,1153.84,DD-14-E05
E06,2026-01-28,1407.12,253.28,1153.84,DD-14-E06
E07,2026-01-28,1688.54,303.94,1384.60,DD-14-E07
E08,2026-01-28,1125.69,202.62,923.07,DD-14-E08
E09,2026-01-28,1125.69,202.62,923.07,DD-14-E09
E10,2026-01-28,1125.69,202.62,923.07,DD-14-E10
E11,2026-01-28,1125.69,202.62,923.07,DD-14-E11
E12,2026-01-28,1125.69,202.62,923.07,DD-14-E12
E13,2026-01-28,1125.69,202.62,923.07,DD-14-E13
E14,2026-01-28,1125.69,202.62,923.07,DD-14-E14
E16,2026-01-28,844.30,151.97,692.33,DD-14-E16
E01,2026-02-16,2532.81,455.91,2076.90,DD-15-E01
E02,2026-02-16,1688.54,303.94,1384.60,DD-15-E02
E03,2026-02-16,1407.12,253.28,1153.84,DD-15-E03
E04,2026-02-16,1407.12,253.28,1153.84,DD-15-E04
E05,2026-02-16,1407.12,253.28,1153.84,DD-15-E05
E06,2026-02-16,1407.12,253.28,1153.84,DD-15-E06
E07,2026-02-16,1688.54,303.94,1384.60,DD-15-E07
E08,2026-02-16,1125.69,202.62,923.07,DD-15-E08
E09,2026-02-16,1125.69,202.62,923.07,DD-15-E09
E10,2026-02-16,1125.69,202.62,923.07,DD-15-E10
E11,2026-02-16,1125.69,202.62,923.07,DD-15-E11
E12,2026-02-16,1125.69,202.62,923.07,DD-15-E12
E13,2026-02-16,1125.69,202.62,923.07,DD-15-E13
E14,2026-02-16,1125.69,202.62,923.07,DD-15-E14
E16,2026-02-16,844.30,151.97,692.33,DD-15-E16
E01,2026-03-02,2532.81,455.91,2076.90,DD-16-E01
E02,2026-03-02,1688.54,303.94,1384.60,DD-16-E02
E03,2026-03-02,1407.12,253.28,1153.84,DD-16-E03
E04,2026-03-02,1407.12,253.28,1153.84,DD-16-E04
E05,2026-03-02,1407.12,253.28,1153.84,DD-16-E05
E06,2026-03-02,1407.12,253.28,1153.84,DD-16-E06
E07,2026-03-02,1688.54,303.94,1384.60,DD-16-E07
E08,2026-03-02,1125.69,202.62,923.07,DD-16-E08
E09,2026-03-02,1125.69,202.62,923.07,DD-16-E09
E10,2026-03-02,1125.69,202.62,923.07,DD-16-E10
E11,2026-03-02,1125.69,202.62,923.07,DD-16-E11
E12,2026-03-02,1125.69,202.62,923.07,DD-16-E12
E13,2026-03-02,1125.69,202.62,923.07,DD-16-E13
E14,2026-03-02,1125.69,202.62,923.07,DD-16-E14
E16,2026-03-02,844.30,151.97,692.33,DD-16-E16
E01,2026-03-16,2681.80,482.72,2199.08,DD-17-E01
E02,2026-03-16,1787.87,321.82,1466.05,DD-17-E02
E03,2026-03-16,1489.89,268.18,1221.71,DD-17-E03
E04,2026-03-16,1489.89,268.18,1221.71,DD-17-E04
E05,2026-03-16,1489.89,268.18,1221.71,DD-17-E05
E06,2026-03-16,1489.89,268.18,1221.71,DD-17-E06
E07,2026-03-16,1787.87,321.82,1466.05,DD-17-E07
E08,2026-03-16,1191.91,214.54,977.37,DD-17-E08
E09,2026-03-16,1191.91,214.54,977.37,DD-17-E09
E10,2026-03-16,1191.91,214.54,977.37,DD-17-E10
E11,2026-03-16,1191.91,214.54,977.37,DD-17-E11
E13,2026-03-16,1191.91,214.54,977.37,DD-17-E13
E14,2026-03-16,1191.91,214.54,977.37,DD-17-E14
E16,2026-03-16,893.94,160.91,733.03,DD-17-E16
E01,2026-03-30,2681.80,482.72,2199.08,DD-18-E01
E02,2026-03-30,1787.87,321.82,1466.05,DD-18-E02
E03,2026-03-30,1489.89,268.18,1221.71,DD-18-E03
E04,2026-03-30,1489.89,268.18,1221.71,DD-18-E04
E05,2026-03-30,1489.89,268.18,1221.71,DD-18-E05
E06,2026-03-30,1489.89,268.18,1221.71,DD-18-E06
E07,2026-03-30,1787.87,321.82,1466.05,DD-18-E07
E08,2026-03-30,1191.91,214.54,977.37,DD-18-E08
E09,2026-03-30,1191.91,214.54,977.37,DD-18-E09
E10,2026-03-30,1191.91,214.54,977.37,DD-18-E10
E11,2026-03-30,1191.91,214.54,977.37,DD-18-E11
E13,2026-03-30,1191.91,214.54,977.37,DD-18-E13
E14,2026-03-30,1191.91,214.54,977.37,DD-18-E14
E16,2026-03-30,893.94,160.91,733.03,DD-18-E16
E01,2026-04-15,2681.80,482.72,2199.08,DD-19-E01
E02,2026-04-15,1787.87,321.82,1466.05,DD-19-E02
E03,2026-04-15,1489.89,268.18,1221.71,DD-19-E03
E04,2026-04-15,1489.89,268.18,1221.71,DD-19-E04
E05,2026-04-15,1489.89,268.18,1221.71,DD-19-E05
E06,2026-04-15,1489.89,268.18,1221.71,DD-19-E06
E07,2026-04-15,1787.87,321.82,1466.05,DD-19-E07
E08,2026-04-15,1191.91,214.54,977.37,DD-19-E08
E09,2026-04-15,1191.91,214.54,977.37,DD-19-E09
E10,2026-04-15,1191.91,214.54,977.37,DD-19-E10
E11,2026-04-15,1191.91,214.54,977.37,DD-19-E11
E13,2026-04-15,1191.91,214.54,977.37,DD-19-E13
E14,2026-04-15,1191.91,214.54,977.37,DD-19-E14
E16,2026-04-15,893.94,160.91,733.03,DD-19-E16
E01,2026-04-28,2681.80,482.72,2199.08,DD-20-E01
E02,2026-04-28,1787.87,321.82,1466.05,DD-20-E02
E03,2026-04-28,1489.89,268.18,1221.71,DD-20-E03
E04,2026-04-28,1489.89,268.18,1221.71,DD-20-E04
E05,2026-04-28,1489.89,268.18,1221.71,DD-20-E05
E06,2026-04-28,1489.89,268.18,1221.71,DD-20-E06
E07,2026-04-28,1787.87,321.82,1466.05,DD-20-E07
E08,2026-04-28,1191.91,214.54,977.37,DD-20-E08
E09,2026-04-28,1191.91,214.54,977.37,DD-20-E09
E10,2026-04-28,1191.91,214.54,977.37,DD-20-E10
E11,2026-04-28,1191.91,214.54,977.37,DD-20-E11
E13,2026-04-28,1191.91,214.54,977.37,DD-20-E13
E14,2026-04-28,1191.91,214.54,977.37,DD-20-E14
E16,2026-04-28,893.94,160.91,733.03,DD-20-E16
E01,2026-05-15,2681.80,482.72,2199.08,DD-21-E01
E02,2026-05-15,1787.87,321.82,1466.05,DD-21-E02
E03,2026-05-15,1489.89,268.18,1221.71,DD-21-E03
E04,2026-05-15,1489.89,268.18,1221.71,DD-21-E04
E05,2026-05-15,1489.89,268.18,1221.71,DD-21-E05
E06,2026-05-15,1489.89,268.18,1221.71,DD-21-E06
E07,2026-05-15,1787.87,321.82,1466.05,DD-21-E07
E08,2026-05-15,1191.91,214.54,977.37,DD-21-E08
E09,2026-05-15,1191.91,214.54,977.37,DD-21-E09
E10,2026-05-15,1191.91,214.54,977.37,DD-21-E10
E11,2026-05-15,1191.91,214.54,977.37,DD-21-E11
E13,2026-05-15,1191.91,214.54,977.37,DD-21-E13
E14,2026-05-15,1191.91,214.54,977.37,DD-21-E14
E16,2026-05-15,893.94,160.91,733.03,DD-21-E16
E01,2026-05-28,2681.80,482.72,2199.08,DD-22-E01
E02,2026-05-28,1787.87,321.82,1466.05,DD-22-E02
E03,2026-05-28,1489.89,268.18,1221.71,DD-22-E03
E04,2026-05-28,1489.89,268.18,1221.71,DD-22-E04
E05,2026-05-28,1489.89,268.18,1221.71,DD-22-E05
E06,2026-05-28,1489.89,268.18,1221.71,DD-22-E06
E07,2026-05-28,1787.87,321.82,1466.05,DD-22-E07
E08,2026-05-28,1191.91,214.54,977.37,DD-22-E08
E09,2026-05-28,1191.91,214.54,977.37,DD-22-E09
E10,2026-05-28,1191.91,214.54,977.37,DD-22-E10
E11,2026-05-28,1191.91,214.54,977.37,DD-22-E11
E13,2026-05-28,1191.91,214.54,977.37,DD-22-E13
E14,2026-05-28,1191.91,214.54,977.37,DD-22-E14
E16,2026-05-28,893.94,160.91,733.03,DD-22-E16
E01,2026-06-15,2681.80,482.72,2199.08,DD-23-E01
E02,2026-06-15,1787.87,321.82,1466.05,DD-23-E02
E03,2026-06-15,1489.89,268.18,1221.71,DD-23-E03
E04,2026-06-15,1489.89,268.18,1221.71,DD-23-E04
E05,2026-06-15,1489.89,268.18,1221.71,DD-23-E05
E06,2026-06-15,1489.89,268.18,1221.71,DD-23-E06
E07,2026-06-15,1787.87,321.82,1466.05,DD-23-E07
E08,2026-06-15,1191.91,214.54,977.37,DD-23-E08
E09,2026-06-15,1191.91,214.54,977.37,DD-23-E09
E10,2026-06-15,1191.91,214.54,977.37,DD-23-E10
E11,2026-06-15,1191.91,214.54,977.37,DD-23-E11
E13,2026-06-15,1191.91,214.54,977.37,DD-23-E13
E14,2026-06-15,1191.91,214.54,977.37,DD-23-E14
E16,2026-06-15,893.94,160.91,733.03,DD-23-E16
E01,2026-06-29,2681.80,482.72,2199.08,DD-24-E01
E02,2026-06-29,1787.87,321.82,1466.05,DD-24-E02
E03,2026-06-29,1489.89,268.18,1221.71,DD-24-E03
E04,2026-06-29,1489.89,268.18,1221.71,DD-24-E04
E05,2026-06-29,1489.89,268.18,1221.71,DD-24-E05
E06,2026-06-29,1489.89,268.18,1221.71,DD-24-E06
E07,2026-06-29,1787.87,321.82,1466.05,DD-24-E07
E08,2026-06-29,1191.91,214.54,977.37,DD-24-E08
E09,2026-06-29,1191.91,214.54,977.37,DD-24-E09
E10,2026-06-29,1191.91,214.54,977.37,DD-24-E10
E11,2026-06-29,1191.91,214.54,977.37,DD-24-E11
E13,2026-06-29,1191.91,214.54,977.37,DD-24-E13
E14,2026-06-29,1191.91,214.54,977.37,DD-24-E14
E16,2026-06-29,893.94,160.91,733.03,DD-24-E16
